token	frequency
и	574
в	416
—	175
от	134
на	150
твоего	38
а	55
чтобы	36
своего	44
из	86
как	85
для	62
о	68
всего	37
не	169
что	126
их	63
его	73
по	66
но	24
так	22
моего	22
–	78
укрепления	20
они	20
может	34
с	103
к	97
про	18
сосудов	24
Строение	16
ваши	16
священные	16
предметы	16
хранящиеся	16
памятника	16
которые	15
через	15
укрепить	15
потому	15
до	22
человека	69
кровь	33
свое	14
Интересные	14
факты	14
самом	32
есть	32
у	62
со	13
вашего	13
пред	13
вы	25
около	12
имеет	12
боль	12
заболеваний	12
становится	12
ибо	12
да	12
работы	24
за	39
строение	11
камеры	11
наше	11
болит	11
Почему	11
болезнь	11
раз	11
слово	11
вам	11
Богу	11
часть	11
ты	11
же	17
чем	16
более	16
работу	16
левое	10
знать	10
проводящей	10
системе	10
миокард	10
между	10
говорят	10
нам	10
твое	10
o	10
всей	21
или	47
только	20
сокращаться	9
которого	9
ума	9
кровью	9
то	33
это	53
ли	19
•	19
также	14
работает	27
сосуды	18
является	18
когда	18
происходит	8
сокращается	8
половину	8
камер	8
другие	8
которое	8
которых	8
Цитаты	8
цитаты	8
злого	8
почти	8
мои	8
В	64
можно	22
ваше	13
ритма	13
Господь	13
Как	52
либо	52
состоит	17
время	17
во	21
кого	21
будет	12
образом	12
Господа	12
эндокард	7
болеть	7
работа	7
лет	7
ИБС	7
пересадка	7
будут	7
самого	7
ум	7
один	7
человеческое	7
нашего	7
тому	7
ткани	7
тебя	7
ее	7
половине	7
сеть	7
упорству	7
себя	16
Что	20
я	20
крови	31
все	32
при	26
находится	11
слой	11
бы	15
души	15
оно	22
если	18
системы	18
кто	21
после	6
под	6
выглядит	6
правое	6
правый	6
которая	6
называется	6
желудочки	6
том	6
свои	6
функции	6
своему	6
начинает	6
снова	6
системой	6
само	6
правой	6
называют	6
внутренний	6
Схема	6
движения	6
возвращается	6
большой	6
области	6
еще	6
вена	6
условиях	6
котором	6
коронарных	6
действительно	6
принимает	6
дам	6
уста	6
нас	6
Гистологический	6
микропрепарат	6
клапаны	6
работе	6
артериальная	6
венозная	6
хотя	6
там	6
нервной	6
ишемической	6
человеческого	6
простоте	6
―	6
больше	14
сокращения	14
он	14
них	14
где	10
было	10
него	10
болезни	13
слова	13
Бог	13
того	16
который	16
Я	16
своей	9
Его	9
нет	9
собой	9
любовь	9
органов	9
всем	9
наши	9
внутри	9
человек	12
был	5
интересно	5
тем	5
имеется	5
оболочка	5
газом	5
ведь	5
Длина	5
четыре	5
одном	5
Эпикард	5
эта	5
всю	5
Стенка	5
трех	5
конца	5
Вес	5
миллиардов	5
углекислым	5
Ишемическая	5
аритмии	5
лечения	5
символом	5
без	5
форму	5
возникает	5
значение	5
Бога	5
глубины	5
страх	5
тела	5
ритм	5
можете	5
пути	5
открыть	5
нем	5
чувствовать	5
которым	5
“	5
половины	5
Ты	5
СЕРДЦЕ	5
строении	5
ишемическая	5
органам	5
Лечение	5
чистого	5
улучшить	5
мозг	13
Он	13
желудочек	12
вас	12
предсердие	11
обеспечивает	11
могут	8
людей	8
проблемы	8
Таким	8
волокна	8
Проводящая	8
полости	8
артерий	8
предсердий	8
важно	8
взрослого	8
минуту	8
Клапаны	8
Работа	8
им	8
тебе	8
уже	10
10	10
чаще	10
грудной	10
нужно	10
любви	10
кому	10
левой	9
60	8
деле	8
просто	8
мышечный	8
норме	7
жизнь	7
ударов	7
бьется	7
Когда	7
клапанов	7
всех	7
форме	7
здоровье	7
мозга	7
дух	7
меня	7
своим	7
году	7
мн	7
знает	7
сердечную	7
сильнее	4
влияет	4
впервые	4
форма	4
артериями	4
венам	4
правую	4
органу	4
частоту	4
всему	4
которой	4
стоит	4
Во	4
много	4
полезны	4
К	4
имеют	4
вены	4
Левый	4
части	4
тот	4
ткань	4
обратно	4
почему	4
справа	4
самое	4
свет	4
слоев	4
любое	4
Форма	4
Размер	4
женщин	4
мужчин	4
Камеры	4
кровоток	4
Тонкий	4
составляет	4
совершает	4
2,5	4
клетке	4
показать	4
артерия	4
проводятся	4
образ	4
отвечает	4
врач	4
символа	4
руки	4
стали	4
две	4
Можно	4
фактов	4
наука	4
теперь	4
биться	4
понятие	4
иметь	4
над	4
см.	4
Духа	4
полностью	4
храни	4
зло	4
Каждый	4
расположению	4
цикл	4
других	4
стенок	4
мышечной	4
постоянно	4
импульсов	4
Анатомия	4
твоей	4
собственного	4
слушать	4
другим	4
вместе	4
своем	4
мое	4
путь	4
мечты	4
место	4
пространство	4
моих	4
такие	4
доброе	4
подобно	4
Слова	4
Новое	4
Господу	4
слов	4
граммов	4
За	4
питает	4
детей	4
поступает	4
несущие	4
здоровое	4
скрижали	4
печаль	4
злое	4
помышление	4
помышления	4
сие	4
очей	4
веселие	4
Своего	4
каждому	4
принимать	4
Сена	4
э	4
Марне	4
музей	4
расположен	4
старинных	4
городских	4
праздничного	4
советы	4
кардиолога	4
продукты	4
день	6
случае	6
стенки	6
полостей	6
были	6
Какие	6
ни	6
себе	6
друг	6
100	6
мышцу	6
состояние	5
связано	5
движется	5
клапана	5
должен	5
зависит	5
устроено	5
отделов	5
левого	5
предсердия	5
этой	5
круг	5
Мы	5
понять	5
мысли	5
диагностики	5
эти	5
миокарда	5
способность	5
достаточно	5
с.	5
близко	5
вашей	5
доброго	5
никогда	5
лучше	5
всё	5
сердечный	5
символ	5
Средневековье	5
чему	5
артерии	5
Ибо	5
этот	5
сосудам	4
левую	4
этому	4
функция	4
волокон	4
внутренней	4
Иными	4
словами	4
причин	4
нее	4
мире	4
положение	4
роль	4
центральный	4
Ум	4
основных	4
нервов	4
представляет	4
ним	4
вижу	4
другой	4
”	4
имеются	4
желания	4
прямо	4
органе	4
имя	4
кровеносные	4
состоянии	4
взять	4
тканям	4
дни	4
делать	4
нашем	4
ускоряют	3
Всемирный	3
жители	3
Чем	3
верхнюю	3
Стоит	3
основной	3
сокращений	3
Самый	3
метод	3
левых	3
опять	3
артериям	3
стороны	3
могло	3
свою	3
систему	3
главный	3
животных	3
одновременно	3
отходят	3
два	3
крупных	3
расслабления	3
Где	3
формы	3
косое	3
непрерывно	3
эпикард	3
четырех	3
Объем	3
700	3
Женское	3
правило	3
левый	3
передний	3
отдел	3
легким	3
сутки	3
количество	3
попросить	3
недостаточность	3
кровоснабжения	3
кислорода	3
длится	3
лечат	3
пороки	3
артериального	3
открытом	3
здоровый	3
вопросы	3
остальные	3
органы	3
своё	3
анатомической	3
камерами	3
новый	3
легких	3
требует	3
Слышать	3
доказала	3
чувств	3
Тогда	3
вопрос	3
связи	3
Понятие	3
радости	3
лежит	3
всякого	3
новое	3
Деятельность	3
помыслы	3
Лукаво	3
использованием	3
смирение	3
сказать	3
Больше	3
хранимого	3
избытка	3
любим	3
уделяй	3
огорчением	3
Сердечный	3
Автоматизм	3
средней	3
располагается	3
сосудах	3
точки	3
зрения	3
основе	3
действия	3
ритмично	3
три	3
регулируется	3
точно	3
любой	3
тоны	3
период	3
модель	3
Заболевания	3
Пересадка	3
смыслом	3
Случайная	3
цитата	3
головой	3
кофе	3
вашим	3
гармонии	3
открытым	3
язык	3
полон	3
своими	3
энергии	3
Конечно	3
благодаря	3
никто	3
немного	3
пространства	3
добрый	3
Богом	3
Всем	3
строения	3
большинства	3
Между	3
желудочке	3
Твое	3
силу	3
помогает	3
человеку	3
изображения	3
Спасителя	3
согласно	3
Иисуса	3
пока	3
Иисус	3
исходят	3
-а	3
-дец	3
-дцам	3
языка	3
Крым	3
теле	3
начинается	3
распределение	3
нервная	3
Реабилитационный	3
пороками	3
расположены	3
каждом	3
Мужское	3
тяжелее	3
размеру	3
сжатого	3
кулака	3
половина	3
литров	3
Вены	3
слишком	3
профилактики	3
была	3
головного	3
Ваше	3
месте	3
синдром	3
кита	3
Меня	3
твоим	3
заповеди	3
юности	3
буду	3
чистоте	3
сынов	3
твои	3
плоть	3
Ему	3
дабы	3
твой	3
входят	3
народ	3
Боже	3
Иудеи	3
каждый	3
уст	3
дела	3
Господом	3
испытывает	3
ко	3
пророчествующих	3
отцов	3
Ним	3
верою	3
надежда	3
Израиле	3
Слово	3
нравится	3
обычно	3
Первая	3
сложном	3
пить	3
нейронов	3
Холтеровское	3
мониторирование	3
укрепляют	3
Витамины	3
alternate	3
Стресс	2
нехватки	2
денег	2
рацион	2
трудности	2
старение	2
привычки	2
питания	2
Учёные	2
World	2
Heart	2
Прежде	2
размеры	2
массой	2
любом	2
ученые	2
идет	2
заставляет	2
попадает	2
мышечного	2
систолы	2
отметить	2
прокачивает	2
определяет	2
Проводимость	2
импульс	2
Сократимость	2
каждого	2
умение	2
держать	2
труда	2
нагрузки	2
сожалению	2
влиять	2
здоровым	2
венозную	2
правых	2
перегородками	2
разделены	2
левые	2
отделы	2
абсолютно	2
направлении	2
мышца	2
ритме	2
эндокардом	2
всякий	2
нервную	2
несколько	2
узел	2
нервный	2
желудочкам	2
верхушка	2
частью	2
серозной	2
оболочкой	2
слоем	2
собаки	2
факт	2
расположенные	2
вокруг	2
состоящий	2
органом	2
сосуда	2
аорта	2
направляется	2
выше	2
разберемся	2
декстрокардия	2
находиться	2
отдельных	2
пропорции	2
груши	2
меняться	2
обычная	2
митральная	2
аортальная	2
шаровидная	2
треугольная	2
Расположение	2
тоже	2
разное	2
Работать	2
задолго	2
появления	2
Работает	2
своеобразный	2
постоянное	2
Bulgakova	2
Kristina	2
Shutterstock	2
Левую	2
отделяют	2
межжелудочковая	2
закрываться	2
нарушится	2
Конусообразная	2
Ширина	2
500	2
600	2
203	2
302	2
274	2
Удары	2
89	2
Правое	2
растягиваться	2
Правый	2
главным	2
Митральный	2
трикуспидальный	2
аортальный	2
легочный	2
аортой	2
Обеспечивает	2
односторонний	2
ток	2
Слои	2
наружная	2
основную	2
Эндокард	2
выстилающий	2
65	2
Движение	2
насыщенная	2
заканчивается	2
подсчитано	2
расходует	2
всякая	2
связана	2
жалуются	2
колющие	2
простреливающие	2
колет	2
простреливает	2
классическая	2
давящая	2
жгучая	2
раздирающая	2
кинжальная	2
сужения	2
стабильной	2
дольше	2
заболевании	2
появиться	2
стадии	2
различными	2
препаратами	2
зависимости	2
типа	2
нарушений	2
самых	2
распространенных	2
прокалывается	2
локтевая	2
подводятся	2
диагностические	2
катетеры	2
исследующие	2
стентирование	2
замена	2
протезирование	2
устранение	2
опухолей	2
домашних	2
Главная	2
профилактика	2
витаминов	2
кардинально	2
улучшили	2
важны	2
остановка	2
популярные	2
касаемые	2
болей	2
Какой	2
лечит	2
Куда	2
отдает	2
стал	2
Древние	2
Изображение	2
несмотря	2
правильно	2
Античности	2
Джотто	2
рисовать	2
однако	2
считают	2
вполне	2
практически	2
изображениях	2
стороной	2
расположение	2
окончательно	2
центру	2
двумя	2
реальная	2
формирует	2
конечно	2
неоднократно	2
париться	2
Влияние	2
алкоголя	2
решения	2
щемит	2
головы	2
правды	2
появляется	2
цветом	2
православном	2
богословии	2
православного	2
об	2
сокрушенных	2
христианской	2
анатомическое	2
чувства	2
служит	2
местом	2
пребывает	2
очищать	2
чистые	2
глаз	2
видеть	2
чистое	2
возьму	2
плоти	2
каменное	2
плотяное	2
Божия	2
крайне	2
молитва	2
тесно	2
внимание	2
Библейские	2
речи	2
крепость	2
некоторых	2
случаях	2
принять	2
мысль	2
дружба	2
религии	2
цитат	2
названное	2
размеров	2
колеблется	2
Масса	2
Анатомическое	2
Гистологическое	2
Биофизический	2
взгляд	2
Цикл	2
Регуляция	2
Инструментальные	2
методы	2
Ультразвуковое	2
исследование	2
топографии	2
отношению	2
противном	2
той	2
проходит	2
